{
    "epochs": 25,
    "batch_size": 128,
    "hidden_size": 64,
    "seq_length": 16,
    "weight_decay": 0.014121574751174776,
    "learning_rate": 0.0627741014387045,
    "dropout_prob": 0.20851863452617508
}

