{
    "epochs": 15,
    "batch_size": 256,
    "hidden_size": 8,
    "seq_length": 32,
    "weight_decay": 0.0005503179727483914,
    "learning_rate": 0.011554518091058242,
    "dropout_prob": 0.39517228308712515
}